{"v":"5.5.7","meta":{"g":"LottieFiles AE 0.1.20","a":"","k":"","d":"","tc":""},"fr":30,"ip":0,"op":41,"w":100,"h":100,"nm":"Comp 1","ddd":0,"assets":[],"layers":[{"ddd":0,"ind":1,"ty":4,"nm":"logout 2","sr":1,"ks":{"o":{"a":0,"k":100,"ix":11},"r":{"a":0,"k":0,"ix":10},"p":{"a":1,"k":[{"i":{"x":0.667,"y":1},"o":{"x":0.333,"y":0},"t":0,"s":[59,50,0],"to":[1.104,0,0],"ti":[0,0,0]},{"i":{"x":0.667,"y":1},"o":{"x":0.333,"y":0},"t":15,"s":[65.625,50,0],"to":[0,0,0],"ti":[1.104,0,0]},{"t":30,"s":[59,50,0]}],"ix":2},"a":{"a":0,"k":[0,0,0],"ix":1},"s":{"a":0,"k":[100,100,100],"ix":6}},"ao":0,"shapes":[{"ty":"gr","it":[{"ind":0,"ty":"sh","ix":1,"ks":{"a":0,"k":{"i":[[0,0],[0.391,-0.391],[-0.391,-0.391],[0,0],[0,0],[0,-0.552],[-0.552,0],[0,0],[0,0],[-0.391,-0.391],[-0.391,0.391],[0,0],[0.391,0.391]],"o":[[-0.391,-0.391],[-0.391,0.391],[0,0],[0,0],[-0.552,0],[0,0.552],[0,0],[0,0],[-0.391,0.391],[0.391,0.391],[0,0],[0.391,-0.391],[0,0]],"v":[[1.707,-5.707],[0.293,-5.707],[0.293,-4.293],[3.586,-1],[-6,-1],[-7,0],[-6,1],[3.586,1],[0.293,4.293],[0.293,5.707],[1.707,5.707],[6.707,0.707],[6.707,-0.707]],"c":true},"ix":2},"nm":"Path 1","mn":"ADBE Vector Shape - Group","hd":false},{"ty":"fl","c":{"a":0,"k":[1,1,1,1],"ix":4},"o":{"a":0,"k":100,"ix":5},"r":1,"bm":0,"nm":"Fill 1","mn":"ADBE Vector Graphic - Fill","hd":false},{"ty":"tr","p":{"a":0,"k":[0,0],"ix":2},"a":{"a":0,"k":[0,0],"ix":1},"s":{"a":0,"k":[300,300],"ix":3},"r":{"a":0,"k":0,"ix":6},"o":{"a":0,"k":100,"ix":7},"sk":{"a":0,"k":0,"ix":4},"sa":{"a":0,"k":0,"ix":5},"nm":"Transform"}],"nm":"logout","np":2,"cix":2,"bm":0,"ix":1,"mn":"ADBE Vector Group","hd":false}],"ip":0,"op":41,"st":0,"bm":0},{"ddd":0,"ind":2,"ty":4,"nm":"logout","sr":1,"ks":{"o":{"a":0,"k":100,"ix":11},"r":{"a":0,"k":0,"ix":10},"p":{"a":0,"k":[32,50,0],"ix":2},"a":{"a":0,"k":[0,0,0],"ix":1},"s":{"a":0,"k":[100,100,100],"ix":6}},"ao":0,"shapes":[{"ty":"gr","it":[{"ind":0,"ty":"sh","ix":1,"ks":{"a":0,"k":{"i":[[0,0],[0.188,-0.188],[0,-0.265],[0,0],[-0.188,-0.188],[-0.265,0],[0,0],[0,-0.552],[0.552,0],[0,0],[0.563,0.563],[0,0.796],[0,0],[-0.563,0.563],[-0.796,0],[0,0],[0,-0.552],[0.552,0]],"o":[[-0.265,0],[-0.188,0.188],[0,0],[0,0.265],[0.188,0.188],[0,0],[0.552,0],[0,0.552],[0,0],[-0.796,0],[-0.563,-0.563],[0,0],[0,-0.796],[0.563,-0.563],[0,0],[0.552,0],[0,0.552],[0,0]],"v":[[-1,-8],[-1.707,-7.707],[-2,-7],[-2,7],[-1.707,7.707],[-1,8],[3,8],[4,9],[3,10],[-1,10],[-3.121,9.121],[-4,7],[-4,-7],[-3.121,-9.121],[-1,-10],[3,-10],[4,-9],[3,-8]],"c":true},"ix":2},"nm":"Path 1","mn":"ADBE Vector Shape - Group","hd":false},{"ty":"fl","c":{"a":0,"k":[1,1,1,1],"ix":4},"o":{"a":0,"k":100,"ix":5},"r":1,"bm":0,"nm":"Fill 1","mn":"ADBE Vector Graphic - Fill","hd":false},{"ty":"tr","p":{"a":0,"k":[0,0],"ix":2},"a":{"a":0,"k":[0,0],"ix":1},"s":{"a":0,"k":[300,300],"ix":3},"r":{"a":0,"k":0,"ix":6},"o":{"a":0,"k":100,"ix":7},"sk":{"a":0,"k":0,"ix":4},"sa":{"a":0,"k":0,"ix":5},"nm":"Transform"}],"nm":"logout","np":2,"cix":2,"bm":0,"ix":1,"mn":"ADBE Vector Group","hd":false}],"ip":0,"op":41,"st":0,"bm":0}],"markers":[]}