{"v":"5.5.7","meta":{"g":"LottieFiles AE 0.1.21","a":"","k":"","d":"","tc":""},"fr":29.9700012207031,"ip":0,"op":239.00000973467,"w":906,"h":906,"nm":"Gamezop","ddd":0,"assets":[{"id":"comp_0","layers":[{"ddd":0,"ind":1,"ty":4,"nm":"Layer 3 Outlines 4","sr":1,"ks":{"o":{"a":0,"k":100,"ix":11},"r":{"a":0,"k":0,"ix":10},"p":{"a":0,"k":[455.85,429.15,0],"ix":2},"a":{"a":0,"k":[405.25,308.051,0],"ix":1},"s":{"a":0,"k":[100,100,100],"ix":6}},"ao":0,"shapes":[{"ty":"gr","it":[{"ind":0,"ty":"sh","ix":1,"ks":{"a":0,"k":{"i":[[0,0],[32.7,-15.3],[-30.1,240.401],[-37,-19.601],[-70.218,0],[-24.2,12.899],[-30.2,-240.401],[33.6,15.7],[76.3,6.2]],"o":[[-76.3,6.2],[-33.6,15.7],[30.1,-240.4],[24.3,12.899],[70.219,0],[37,-19.601],[30.2,240.399],[-32.7,-15.201],[0,0]],"v":[[-2.35,93.449],[-250.85,242.149],[-350.15,42.65],[-140.85,-263.449],[-0.05,-230.251],[140.75,-263.449],[350.05,42.55],[250.75,242.05],[2.25,93.449]],"c":true},"ix":2},"nm":"Path 1","mn":"ADBE Vector Shape - Group","hd":false},{"ty":"st","c":{"a":0,"k":[0.9607843137254902,0.7490196078431373,0.13725490196078433,1],"ix":3},"o":{"a":0,"k":100,"ix":4},"w":{"a":0,"k":40,"ix":5},"lc":2,"lj":1,"ml":10,"bm":0,"nm":"Stroke 1","mn":"ADBE Vector Graphic - Stroke","hd":false},{"ty":"tr","p":{"a":0,"k":[405.25,308.051],"ix":2},"a":{"a":0,"k":[0,0],"ix":1},"s":{"a":0,"k":[100,100],"ix":3},"r":{"a":0,"k":0,"ix":6},"o":{"a":0,"k":100,"ix":7},"sk":{"a":0,"k":0,"ix":4},"sa":{"a":0,"k":0,"ix":5},"nm":"Transform"}],"nm":"Group 1","np":2,"cix":2,"bm":0,"ix":1,"mn":"ADBE Vector Group","hd":false},{"ty":"tm","s":{"a":1,"k":[{"i":{"x":[0.667],"y":[1]},"o":{"x":[0.333],"y":[0]},"t":144,"s":[0]},{"t":216.00000879786,"s":[100]}],"ix":1},"e":{"a":1,"k":[{"i":{"x":[0.667],"y":[1]},"o":{"x":[0.333],"y":[0]},"t":162,"s":[0]},{"t":238.000009693939,"s":[100]}],"ix":2},"o":{"a":0,"k":0,"ix":3},"m":1,"ix":2,"nm":"Trim Paths 1","mn":"ADBE Vector Filter - Trim","hd":false}],"ip":144.00000586524,"op":239.00000973467,"st":144.00000586524,"bm":0},{"ddd":0,"ind":2,"ty":4,"nm":"Layer 3 Outlines 3","sr":1,"ks":{"o":{"a":0,"k":100,"ix":11},"r":{"a":0,"k":0,"ix":10},"p":{"a":0,"k":[455.85,429.15,0],"ix":2},"a":{"a":0,"k":[405.25,308.051,0],"ix":1},"s":{"a":0,"k":[100,100,100],"ix":6}},"ao":0,"shapes":[{"ty":"gr","it":[{"ind":0,"ty":"sh","ix":1,"ks":{"a":0,"k":{"i":[[0,0],[32.7,-15.3],[-30.1,240.401],[-37,-19.601],[-70.218,0],[-24.2,12.899],[-30.2,-240.401],[33.6,15.7],[76.3,6.2]],"o":[[-76.3,6.2],[-33.6,15.7],[30.1,-240.4],[24.3,12.899],[70.219,0],[37,-19.601],[30.2,240.399],[-32.7,-15.201],[0,0]],"v":[[-2.35,93.449],[-250.85,242.149],[-350.15,42.65],[-140.85,-263.449],[-0.05,-230.251],[140.75,-263.449],[350.05,42.55],[250.75,242.05],[2.25,93.449]],"c":true},"ix":2},"nm":"Path 1","mn":"ADBE Vector Shape - Group","hd":false},{"ty":"st","c":{"a":0,"k":[0.9607843137254902,0.7490196078431373,0.13725490196078433,1],"ix":3},"o":{"a":0,"k":100,"ix":4},"w":{"a":0,"k":40,"ix":5},"lc":2,"lj":1,"ml":10,"bm":0,"nm":"Stroke 1","mn":"ADBE Vector Graphic - Stroke","hd":false},{"ty":"tr","p":{"a":0,"k":[405.25,308.051],"ix":2},"a":{"a":0,"k":[0,0],"ix":1},"s":{"a":0,"k":[100,100],"ix":3},"r":{"a":0,"k":0,"ix":6},"o":{"a":0,"k":100,"ix":7},"sk":{"a":0,"k":0,"ix":4},"sa":{"a":0,"k":0,"ix":5},"nm":"Transform"}],"nm":"Group 1","np":2,"cix":2,"bm":0,"ix":1,"mn":"ADBE Vector Group","hd":false},{"ty":"tm","s":{"a":1,"k":[{"i":{"x":[0.667],"y":[1]},"o":{"x":[0.333],"y":[0]},"t":72,"s":[0]},{"t":144.00000586524,"s":[100]}],"ix":1},"e":{"a":1,"k":[{"i":{"x":[0.667],"y":[1]},"o":{"x":[0.333],"y":[0]},"t":90,"s":[0]},{"t":167.000006802049,"s":[100]}],"ix":2},"o":{"a":0,"k":0,"ix":3},"m":1,"ix":2,"nm":"Trim Paths 1","mn":"ADBE Vector Filter - Trim","hd":false}],"ip":72.0000029326201,"op":167.000006802049,"st":72.0000029326201,"bm":0},{"ddd":0,"ind":3,"ty":4,"nm":"Layer 3 Outlines 5","sr":1,"ks":{"o":{"a":0,"k":100,"ix":11},"r":{"a":0,"k":0,"ix":10},"p":{"a":0,"k":[455.85,429.15,0],"ix":2},"a":{"a":0,"k":[405.25,308.051,0],"ix":1},"s":{"a":0,"k":[100,100,100],"ix":6}},"ao":0,"shapes":[{"ty":"gr","it":[{"ind":0,"ty":"sh","ix":1,"ks":{"a":0,"k":{"i":[[0,0],[32.7,-15.3],[-30.1,240.401],[-37,-19.601],[-70.218,0],[-24.2,12.899],[-30.2,-240.401],[33.6,15.7],[76.3,6.2]],"o":[[-76.3,6.2],[-33.6,15.7],[30.1,-240.4],[24.3,12.899],[70.219,0],[37,-19.601],[30.2,240.399],[-32.7,-15.201],[0,0]],"v":[[-2.35,93.449],[-250.85,242.149],[-350.15,42.65],[-140.85,-263.449],[-0.05,-230.251],[140.75,-263.449],[350.05,42.55],[250.75,242.05],[2.25,93.449]],"c":true},"ix":2},"nm":"Path 1","mn":"ADBE Vector Shape - Group","hd":false},{"ty":"st","c":{"a":0,"k":[0.9607843137254902,0.7490196078431373,0.13725490196078433,1],"ix":3},"o":{"a":0,"k":100,"ix":4},"w":{"a":0,"k":40,"ix":5},"lc":2,"lj":1,"ml":10,"bm":0,"nm":"Stroke 1","mn":"ADBE Vector Graphic - Stroke","hd":false},{"ty":"tr","p":{"a":0,"k":[405.25,308.051],"ix":2},"a":{"a":0,"k":[0,0],"ix":1},"s":{"a":0,"k":[100,100],"ix":3},"r":{"a":0,"k":0,"ix":6},"o":{"a":0,"k":100,"ix":7},"sk":{"a":0,"k":0,"ix":4},"sa":{"a":0,"k":0,"ix":5},"nm":"Transform"}],"nm":"Group 1","np":2,"cix":2,"bm":0,"ix":1,"mn":"ADBE Vector Group","hd":false},{"ty":"tm","s":{"a":1,"k":[{"i":{"x":[0.667],"y":[1]},"o":{"x":[0.333],"y":[0]},"t":0,"s":[0]},{"t":72.0000029326201,"s":[100]}],"ix":1},"e":{"a":1,"k":[{"i":{"x":[0.667],"y":[1]},"o":{"x":[0.333],"y":[0]},"t":18,"s":[0]},{"t":95.0000038694293,"s":[100]}],"ix":2},"o":{"a":0,"k":0,"ix":3},"m":1,"ix":2,"nm":"Trim Paths 1","mn":"ADBE Vector Filter - Trim","hd":false}],"ip":0,"op":95.0000038694293,"st":0,"bm":0},{"ddd":0,"ind":4,"ty":4,"nm":"Layer 3 Outlines 2","sr":1,"ks":{"o":{"a":0,"k":100,"ix":11},"r":{"a":0,"k":0,"ix":10},"p":{"a":0,"k":[455.85,429.15,0],"ix":2},"a":{"a":0,"k":[405.25,308.051,0],"ix":1},"s":{"a":0,"k":[100,100,100],"ix":6}},"ao":0,"shapes":[{"ty":"gr","it":[{"ind":0,"ty":"sh","ix":1,"ks":{"a":0,"k":{"i":[[0,0],[32.7,-15.3],[-30.1,240.401],[-37,-19.601],[-70.218,0],[-24.2,12.899],[-30.2,-240.401],[33.6,15.7],[76.3,6.2]],"o":[[-76.3,6.2],[-33.6,15.7],[30.1,-240.4],[24.3,12.899],[70.219,0],[37,-19.601],[30.2,240.399],[-32.7,-15.201],[0,0]],"v":[[-2.35,93.449],[-250.85,242.149],[-350.15,42.65],[-140.85,-263.449],[-0.05,-230.251],[140.75,-263.449],[350.05,42.55],[250.75,242.05],[2.25,93.449]],"c":true},"ix":2},"nm":"Path 1","mn":"ADBE Vector Shape - Group","hd":false},{"ty":"st","c":{"a":0,"k":[0.03137254901960784,0.027450980392156862,0.027450980392156862,1],"ix":3},"o":{"a":0,"k":100,"ix":4},"w":{"a":0,"k":42,"ix":5},"lc":2,"lj":1,"ml":10,"bm":0,"nm":"Stroke 1","mn":"ADBE Vector Graphic - Stroke","hd":false},{"ty":"tr","p":{"a":0,"k":[405.25,308.051],"ix":2},"a":{"a":0,"k":[0,0],"ix":1},"s":{"a":0,"k":[100,100],"ix":3},"r":{"a":0,"k":0,"ix":6},"o":{"a":0,"k":100,"ix":7},"sk":{"a":0,"k":0,"ix":4},"sa":{"a":0,"k":0,"ix":5},"nm":"Transform"}],"nm":"Group 1","np":2,"cix":2,"bm":0,"ix":1,"mn":"ADBE Vector Group","hd":false},{"ty":"tm","s":{"a":0,"k":0,"ix":1},"e":{"a":0,"k":100,"ix":2},"o":{"a":0,"k":0,"ix":3},"m":1,"ix":2,"nm":"Trim Paths 1","mn":"ADBE Vector Filter - Trim","hd":false}],"ip":0,"op":254.000010345632,"st":0,"bm":0},{"ddd":0,"ind":5,"ty":4,"nm":"Layer 2 Outlines","sr":1,"ks":{"o":{"a":0,"k":100,"ix":11},"r":{"a":1,"k":[{"i":{"x":[0.833],"y":[1]},"o":{"x":[0.333],"y":[0]},"t":0,"s":[0]},{"i":{"x":[0.833],"y":[1]},"o":{"x":[0.167],"y":[0]},"t":55,"s":[360]},{"i":{"x":[0.833],"y":[1]},"o":{"x":[0.167],"y":[0]},"t":72,"s":[360]},{"i":{"x":[0.833],"y":[1]},"o":{"x":[0.167],"y":[0]},"t":127,"s":[720]},{"i":{"x":[0.833],"y":[1]},"o":{"x":[0.167],"y":[0]},"t":144,"s":[720]},{"t":199.000008105436,"s":[1080]}],"ix":10},"p":{"a":0,"k":[629.484,371.542,0],"ix":2},"a":{"a":0,"k":[78.004,78.004,0],"ix":1},"s":{"a":0,"k":[100,100,100],"ix":6}},"ao":0,"shapes":[{"ty":"gr","it":[{"ind":0,"ty":"sh","ix":1,"ks":{"a":0,"k":{"i":[[-13.819,-13.819],[13.82,-13.819],[13.819,13.82],[-13.819,13.819]],"o":[[13.82,13.819],[-13.819,13.82],[-13.819,-13.819],[13.819,-13.819]],"v":[[25.022,-25.023],[25.022,25.021],[-25.022,25.021],[-25.022,-25.023]],"c":true},"ix":2},"nm":"Path 1","mn":"ADBE Vector Shape - Group","hd":false},{"ty":"fl","c":{"a":0,"k":[0.03137254901960784,0.027450980392156862,0.027450980392156862,1],"ix":4},"o":{"a":0,"k":100,"ix":5},"r":1,"bm":0,"nm":"Fill 1","mn":"ADBE Vector Graphic - Fill","hd":false},{"ty":"tr","p":{"a":0,"k":[116.916,39.092],"ix":2},"a":{"a":0,"k":[0,0],"ix":1},"s":{"a":0,"k":[100,100],"ix":3},"r":{"a":0,"k":0,"ix":6},"o":{"a":0,"k":100,"ix":7},"sk":{"a":0,"k":0,"ix":4},"sa":{"a":0,"k":0,"ix":5},"nm":"Transform"}],"nm":"Group 1","np":2,"cix":2,"bm":0,"ix":1,"mn":"ADBE Vector Group","hd":false},{"ty":"gr","it":[{"ind":0,"ty":"sh","ix":1,"ks":{"a":0,"k":{"i":[[-13.819,-13.819],[13.819,-13.819],[13.819,13.82],[-13.819,13.819]],"o":[[13.819,13.819],[-13.819,13.82],[-13.819,-13.819],[13.819,-13.819]],"v":[[25.023,-25.023],[25.023,25.021],[-25.023,25.021],[-25.023,-25.023]],"c":true},"ix":2},"nm":"Path 1","mn":"ADBE Vector Shape - Group","hd":false},{"ty":"fl","c":{"a":0,"k":[0.03137254901960784,0.027450980392156862,0.027450980392156862,1],"ix":4},"o":{"a":0,"k":100,"ix":5},"r":1,"bm":0,"nm":"Fill 1","mn":"ADBE Vector Graphic - Fill","hd":false},{"ty":"tr","p":{"a":0,"k":[39.092,116.916],"ix":2},"a":{"a":0,"k":[0,0],"ix":1},"s":{"a":0,"k":[100,100],"ix":3},"r":{"a":0,"k":0,"ix":6},"o":{"a":0,"k":100,"ix":7},"sk":{"a":0,"k":0,"ix":4},"sa":{"a":0,"k":0,"ix":5},"nm":"Transform"}],"nm":"Group 2","np":2,"cix":2,"bm":0,"ix":2,"mn":"ADBE Vector Group","hd":false},{"ty":"gr","it":[{"ind":0,"ty":"sh","ix":1,"ks":{"a":0,"k":{"i":[[10.364,-10.365],[10.364,10.364],[-10.365,10.365],[-10.365,-10.364]],"o":[[-10.365,10.364],[-10.365,-10.365],[10.364,-10.364],[10.364,10.365]],"v":[[18.767,18.767],[-18.766,18.767],[-18.766,-18.767],[18.767,-18.767]],"c":true},"ix":2},"nm":"Path 1","mn":"ADBE Vector Shape - Group","hd":false},{"ty":"fl","c":{"a":0,"k":[0.03137254901960784,0.027450980392156862,0.027450980392156862,1],"ix":4},"o":{"a":0,"k":100,"ix":5},"r":1,"bm":0,"nm":"Fill 1","mn":"ADBE Vector Graphic - Fill","hd":false},{"ty":"tr","p":{"a":0,"k":[116.915,116.915],"ix":2},"a":{"a":0,"k":[0,0],"ix":1},"s":{"a":0,"k":[100,100],"ix":3},"r":{"a":0,"k":0,"ix":6},"o":{"a":0,"k":100,"ix":7},"sk":{"a":0,"k":0,"ix":4},"sa":{"a":0,"k":0,"ix":5},"nm":"Transform"}],"nm":"Group 3","np":2,"cix":2,"bm":0,"ix":3,"mn":"ADBE Vector Group","hd":false},{"ty":"gr","it":[{"ind":0,"ty":"sh","ix":1,"ks":{"a":0,"k":{"i":[[10.364,-10.365],[10.364,10.365],[-10.364,10.364],[-10.364,-10.365]],"o":[[-10.364,10.365],[-10.364,-10.365],[10.364,-10.365],[10.364,10.364]],"v":[[18.767,18.766],[-18.766,18.766],[-18.766,-18.767],[18.767,-18.767]],"c":true},"ix":2},"nm":"Path 1","mn":"ADBE Vector Shape - Group","hd":false},{"ty":"fl","c":{"a":0,"k":[0.03137254901960784,0.027450980392156862,0.027450980392156862,1],"ix":4},"o":{"a":0,"k":100,"ix":5},"r":1,"bm":0,"nm":"Fill 1","mn":"ADBE Vector Graphic - Fill","hd":false},{"ty":"tr","p":{"a":0,"k":[39.092,39.092],"ix":2},"a":{"a":0,"k":[0,0],"ix":1},"s":{"a":0,"k":[100,100],"ix":3},"r":{"a":0,"k":0,"ix":6},"o":{"a":0,"k":100,"ix":7},"sk":{"a":0,"k":0,"ix":4},"sa":{"a":0,"k":0,"ix":5},"nm":"Transform"}],"nm":"Group 4","np":2,"cix":2,"bm":0,"ix":4,"mn":"ADBE Vector Group","hd":false}],"ip":0,"op":239.00000973467,"st":0,"bm":0},{"ddd":0,"ind":6,"ty":4,"nm":"Layer 3 Outlines","sr":0.34000000357628,"ks":{"o":{"a":0,"k":100,"ix":11},"r":{"a":0,"k":0,"ix":10},"p":{"a":1,"k":[{"i":{"x":0.667,"y":1},"o":{"x":0.333,"y":0},"t":0,"s":[303,369,0],"to":[2.667,-3,0],"ti":[1.667,-4,0]},{"i":{"x":0.667,"y":1},"o":{"x":0.333,"y":0},"t":18.7,"s":[319,351,0],"to":[-1.667,4,0],"ti":[4.667,-1,0]},{"i":{"x":0.667,"y":1},"o":{"x":0.333,"y":0},"t":43.18,"s":[293,393,0],"to":[-4.667,1,0],"ti":[-1.667,4,0]},{"i":{"x":0.667,"y":1},"o":{"x":0.333,"y":0},"t":67.66,"s":[291,357,0],"to":[1.667,-4,0],"ti":[-2,-2,0]},{"i":{"x":0.667,"y":0.667},"o":{"x":0.333,"y":0.333},"t":80.92,"s":[303,369,0],"to":[0,0,0],"ti":[0,0,0]},{"i":{"x":0.667,"y":1},"o":{"x":0.333,"y":0},"t":144,"s":[303,369,0],"to":[2.667,-3,0],"ti":[1.667,-4,0]},{"i":{"x":0.667,"y":1},"o":{"x":0.333,"y":0},"t":162.7,"s":[319,351,0],"to":[-1.667,4,0],"ti":[4.667,-1,0]},{"i":{"x":0.667,"y":1},"o":{"x":0.333,"y":0},"t":187.18,"s":[293,393,0],"to":[-4.667,1,0],"ti":[-1.667,4,0]},{"i":{"x":0.667,"y":1},"o":{"x":0.333,"y":0},"t":211.66,"s":[291,357,0],"to":[1.667,-4,0],"ti":[-2,-2,0]},{"t":224.920218077852,"s":[303,369,0]}],"ix":2},"a":{"a":0,"k":[53.25,53.25,0],"ix":1},"s":{"a":0,"k":[100,100,100],"ix":6}},"ao":0,"shapes":[{"ty":"gr","it":[{"ind":0,"ty":"sh","ix":1,"ks":{"a":0,"k":{"i":[[-29.271,0],[0,-29.271],[29.271,0],[0,29.271]],"o":[[29.271,0],[0,29.271],[-29.271,0],[0,-29.271]],"v":[[0,-53],[53,0],[0,53],[-53,0]],"c":true},"ix":2},"nm":"Path 1","mn":"ADBE Vector Shape - Group","hd":false},{"ty":"fl","c":{"a":0,"k":[1,1,1,1],"ix":4},"o":{"a":0,"k":100,"ix":5},"r":1,"bm":0,"nm":"Fill 1","mn":"ADBE Vector Graphic - Fill","hd":false},{"ty":"tr","p":{"a":0,"k":[53.25,53.25],"ix":2},"a":{"a":0,"k":[0,0],"ix":1},"s":{"a":0,"k":[100,100],"ix":3},"r":{"a":0,"k":0,"ix":6},"o":{"a":0,"k":100,"ix":7},"sk":{"a":0,"k":0,"ix":4},"sa":{"a":0,"k":0,"ix":5},"nm":"Transform"}],"nm":"Group 1","np":2,"cix":2,"bm":0,"ix":1,"mn":"ADBE Vector Group","hd":false}],"ip":0,"op":239.000010187665,"st":0,"bm":0},{"ddd":0,"ind":7,"ty":4,"nm":"Layer 1 Outlines","sr":1,"ks":{"o":{"a":0,"k":100,"ix":11},"r":{"a":0,"k":0,"ix":10},"p":{"a":0,"k":[455.85,429.15,0],"ix":2},"a":{"a":0,"k":[380.5,283.3,0],"ix":1},"s":{"a":0,"k":[100,100,100],"ix":6}},"ao":0,"shapes":[{"ty":"gr","it":[{"ind":0,"ty":"sh","ix":1,"ks":{"a":0,"k":{"i":[[46.4,0],[0,-46.4],[-46.4,0],[0,46.4]],"o":[[-46.4,0],[0,46.4],[46.4,0],[0,-46.4]],"v":[[-152.85,-144.15],[-236.85,-60.15],[-152.85,23.85],[-68.85,-60.15]],"c":true},"ix":2},"nm":"Path 1","mn":"ADBE Vector Shape - Group","hd":false},{"ind":1,"ty":"sh","ix":2,"ks":{"a":0,"k":{"i":[[0,0],[32.7,-15.3],[-30.1,240.4],[-37,-19.6],[-70.218,0],[-24.2,12.9],[-30.2,-240.4],[33.6,15.7],[76.3,6.2]],"o":[[-76.3,6.2],[-33.6,15.7],[30.1,-240.4],[24.3,12.9],[70.219,0],[37,-19.6],[30.2,240.4],[-32.7,-15.2],[0,0]],"v":[[-2.35,93.45],[-250.85,242.15],[-350.15,42.65],[-140.85,-263.45],[-0.05,-230.25],[140.75,-263.45],[350.05,42.55],[250.75,242.05],[2.25,93.45]],"c":true},"ix":2},"nm":"Path 2","mn":"ADBE Vector Shape - Group","hd":false},{"ty":"mm","mm":1,"nm":"Merge Paths 1","mn":"ADBE Vector Filter - Merge","hd":false},{"ty":"fl","c":{"a":0,"k":[1,1,1,1],"ix":4},"o":{"a":0,"k":100,"ix":5},"r":1,"bm":0,"nm":"Fill 1","mn":"ADBE Vector Graphic - Fill","hd":false},{"ty":"tr","p":{"a":0,"k":[380.5,283.3],"ix":2},"a":{"a":0,"k":[0,0],"ix":1},"s":{"a":0,"k":[100,100],"ix":3},"r":{"a":0,"k":0,"ix":6},"o":{"a":0,"k":100,"ix":7},"sk":{"a":0,"k":0,"ix":4},"sa":{"a":0,"k":0,"ix":5},"nm":"Transform"}],"nm":"Group 1","np":4,"cix":2,"bm":0,"ix":1,"mn":"ADBE Vector Group","hd":false}],"ip":0,"op":239.00000973467,"st":0,"bm":0},{"ddd":0,"ind":8,"ty":4,"nm":"Shape Layer 1","sr":1,"ks":{"o":{"a":0,"k":100,"ix":11},"r":{"a":0,"k":0,"ix":10},"p":{"a":0,"k":[453,450,0],"ix":2},"a":{"a":0,"k":[0,0,0],"ix":1},"s":{"a":0,"k":[100,100,100],"ix":6}},"ao":0,"shapes":[{"ty":"gr","it":[{"ind":0,"ty":"sh","ix":1,"ks":{"a":0,"k":{"i":[[49.842,0],[0,-49.842],[-49.842,0],[0,49.842]],"o":[[-49.842,0],[0,49.842],[49.842,0],[0,-49.842]],"v":[[0,-90.246],[-90.246,0],[0,90.246],[90.246,0]],"c":true},"ix":2},"nm":"Path 1","mn":"ADBE Vector Shape - Group","hd":false},{"ty":"fl","c":{"a":0,"k":[0.03137254901960784,0.027450980392156862,0.027450980392156862,1],"ix":4},"o":{"a":0,"k":100,"ix":5},"r":1,"bm":0,"nm":"Fill 1","mn":"ADBE Vector Graphic - Fill","hd":false},{"ty":"tr","p":{"a":0,"k":[-150,-81],"ix":2},"a":{"a":0,"k":[0,0],"ix":1},"s":{"a":0,"k":[100,100],"ix":3},"r":{"a":0,"k":0,"ix":6},"o":{"a":0,"k":100,"ix":7},"sk":{"a":0,"k":0,"ix":4},"sa":{"a":0,"k":0,"ix":5},"nm":"Transform"}],"nm":"Ellipse 1","np":3,"cix":2,"bm":0,"ix":1,"mn":"ADBE Vector Group","hd":false}],"ip":0,"op":239.00000973467,"st":0,"bm":0}]}],"layers":[{"ddd":0,"ind":1,"ty":0,"nm":" ","refId":"comp_0","sr":1,"ks":{"o":{"a":0,"k":100,"ix":11},"r":{"a":1,"k":[{"i":{"x":[0.833],"y":[1]},"o":{"x":[0.333],"y":[0]},"t":23,"s":[0]},{"i":{"x":[0.667],"y":[1]},"o":{"x":[0.167],"y":[0]},"t":33,"s":[14]},{"i":{"x":[0.667],"y":[1]},"o":{"x":[0.333],"y":[0]},"t":47,"s":[-14]},{"i":{"x":[0.833],"y":[1]},"o":{"x":[0.167],"y":[0]},"t":57,"s":[0]},{"i":{"x":[0.833],"y":[1]},"o":{"x":[0.333],"y":[0]},"t":158,"s":[0]},{"i":{"x":[0.667],"y":[1]},"o":{"x":[0.167],"y":[0]},"t":168,"s":[14]},{"i":{"x":[0.667],"y":[1]},"o":{"x":[0.333],"y":[0]},"t":181,"s":[-14]},{"t":191.000007779589,"s":[0]}],"ix":10},"p":{"a":0,"k":[453,465,0],"ix":2},"a":{"a":0,"k":[453,453,0],"ix":1},"s":{"a":0,"k":[80,80,100],"ix":6}},"ao":0,"w":906,"h":906,"ip":0,"op":239.00000973467,"st":0,"bm":0}],"markers":[]}